{"books":[{"id":1,"title":"Book 1","category":"fiction 3","description":"This is Book 3","purchasecount":"3","author":"Ramanathan Govind"},{"id":2,"title":"Book 5","category":"Fiction 5","description":"Book 5 5 5","purchasecount":"55","author":"Author 5"},{"id":3,"title":"Book 4 ","category":"Fiction 5","description":"Book 5 Book 5","purchasecount":"5","author":"Author 5"},{"id":4,"title":"Book BB","category":"Fiction FF","description":"Book DD","purchasecount":"6","author":"Author AAA"},{"id":5,"title":"B 6","category":"C 6","description":"D 6","purchasecount":"6","author":"A6"},{"id":6,"title":"BBBBBBB","category":"CCCCCC","description":"DDDDDD","purchasecount":"7777777","author":"AAAAAA"},{"id":7,"title":"My Book","category":"My Fiction","description":"My Book is Good.","purchasecount":"50","author":"Mr.Deepak"}]}